,,,,
,,,,
,,TOPIC/INTENT,FACTUAL CONTEXT(THE ANSWER)),KEYWORDS/TAGS
,,Graduation - Clearance vs E-Clearance,"Isa sa requirement ng GRADUATION APPLICATION ay ang pag-sumite ng Graduation Clearance or E-Clearance. Both documents ay para siguraduhin na ang mga graduating students ay nakapag-complied na po sa kanilang academic units including SIP/OJT courses & documentations, subject grades, school credentials/admission requirements, financial accounts, and library. Kung ang isang graduating student ay cleared na sa lahat, siya po ay otomatikong makakatangap ng E-Clearance sa kanyang registered email address or pwde mo i-monitor sa List of Candidates for Graduation ng Registrar Office. Pero kung ikaw ay may mga kailangan i-comply tulad ng Form 137, NSTP Serial Numbers, latest PSA, unsettled tution fees, unreturned books, etc, kailangan mong kumuha ng PRINTED CLEARANCE sa Registrar’s Office para masecure ang mga signature of concerned office. Sa LIST OF CANDIDATES FOR GRADUATION (Google Link posted at the Registrar’s Bulletin Board and Official FB page – www.facebook.com/ICCTCollegesRegistrarOffice ), makikita ang bawat deficiencies na need i-comply ng isang applicant for graduation. Araw-araw ay magkakarun ng update ang listahang na nasa google drive. For more info and verification of your status, tumawag lang po sa Registrar’s Office, Trunkline No. (02)7001.4228 local 604; Credentials Assistance Hotlines 0968.221.8530 or 0968.220.0486; Monday to Saturday except Holidays, from 7am to 7pm.","Graduation Clearance, E-Clearance, graduation application, requirements, academic units, SIP, OJT, grades, credentials, admissions, financial accounts, library, deficiencies, Form 137, NSTP Serial Numbers, PSA, tuition fees, unreturned books, printed clearance, signatures, List of Candidates for Graduation, Registrar, Registrar's Bulletin Board, FB page, Google Drive, trunkline, local 604, hotlines"
,,,,
,,Graduation - Process Overview,"Ang Graduation Clearance o E-Clearance ay isang processo para masiguro na ang isang student ay CLEARED na sa lahat ng obligasyun sa eskwelahan lalo na sa ACADEMIC GRADES mula 1st to 4th year level, OJT/Internship/Practicum, ADMISSION DOCUMENTS, and Settlement of School Fees. After na makapag submit ng Graduation Application with complete required documents, antayin na malathala or posted ang LIST OF GRADUATING STUDENTS sa Bulletin Board ng REGISTRAR’S OFFICE para malaman kung ikaw ay CLEARED na sa lahat ng offices at HINDI na kailangang magpa-sign ng clearance ; pero kung may nakalagay na remarks na need mong magpa-sign ng clearance for a specific office, teacher or school officer, that’s the time na need mong kumuha ng printed graduation clearance form at siguraduhin makapagpasign for clearance agad at ibalik sa Registrar Office para ma-update ang remarks sa list of graduating students on or before deadline. Example, kung ikaw ay currently enrolled, fully paid ka na sa iyong School Fees, wala kang case sa Guidance Office, kumpleto na ang iyong school documents sa Registrar Office, pero meron kang current or ongoing pa na subject/s including SIP/OJT/Prac, it means, need mo magpa-sign sa subject teacher/s and CDJP Office. Para sa anumang katanungan, maaari po tayong tumawag sa Tele-Assistance Hotlines: 0932.872.4228 / 0917.814.4228","process ng graduation clearance, step, cleared, obligasyon, academic grades, ojt, internship, practicum, admission documents, school fees, graduation application, list of graduating students, bulletin board, remarks, signatures, clearance form, deadline, guidance office, subject teacher, cdjp office, hotlines"
,,,,
,,Graduation - When to Apply & SO,"Base sa ICCT Colleges Student Handbook, ang application process para sa graduation ay marapat na gawin ng isang college student sa huling Academic Trimester Period na enrolled siya. Ang ibig sabihin, kung ikaw ay officially enrolled at huling trimester period mo na, qualified kana para mag-apply for graduation. Mula sa unang araw ng classes ng trimester period ay maaaring mag-process for graduation sa Registrar Office. Kung approved ang inyong application, ang huling araw ng iyong classes at trimester period sa ICCT Colleges ang magsisilbing DATE OF GRADUATION mo at hindi ang graduation ceremony na ginaganap tuwing buwan ng Abril/Mayo at Disyembre. Kapag kumpleto mo na lahat ng documentary requirements, clearance at approved na ang iyong graduation application, ikaw ay mapapasama na sa pag-processo ng SPECIAL ORDER NO. (SO#) . Ang SO# ay binibigay ng CHED or TESDA sa mga graduates kung saan nilalagay sa mga Diploma at TOR bilang katibayan na ang kursong natapus sa ICCT Colleges ay recognized at nasusunod ang tamang regulations o antas ng pagtuturo. Ang deadline madalas i-anunsyo ng Registrar Office ay tumutukoy sa application cut-off ng parating na graduation ceremony para siguraduhin na ang lahat ng CANDIDATES FOR GRADUATION na kasama sa graduation ceremony ay pumasa sa CHED or TESDA academic requirements at kumpleto ang kanilang mga documents katulad ng Form 137, PSA/NSO Birth Certificate, NSTP Serial No. at TOR with remarks copy for ICCT Colleges kung transferee/second courser, Assessment Certificate kung TechVoc courses, latest 2x2 color picture, etc. Example: 1st Trimester AY2024-2025 ang huling trimester period mo na para matapus ang OJT/Practicum o iba pang academic subject/s; after mong ma-enroll officially ang naturang subjects, MAAARI KA NG MAG APPLY PARA SA GRADUATION sa Registrar Office mula start ng classes hangang sa deadline of application. Kapag na-complied mo na lahat ng requirements at approved na ang graduation application mo, ikaw ay mapapasama sa pag-processo ng iyong SPECIAL ORDER NO. (SO#). Maaari ka na ring kumuha ng Certificate of Graduation while waiting for your SO#. Sa makatuwid, ikaw ay graduate sa huling araw ng classes ng 1st Trimester Period at makasama sa graduation ceremony na itatakda ng ating paaralan. Kapag natangap na ng school ang iyong SO#, gagawin agad ang iyong Diploma at maaaring ma-release eto regardless of graduation ceremony. Reminders: Bilang isang mag-aaral, marapat din na tayo ay mag-SELF EVALUATE. Siguraduhin na updated ang iyong prospectus lalo na kung nasa huling taon ka na ng pag-aaral. Maaari mo etong makita sa iyong Student Portal under GRADES menu, magrequest ng Summary of Grades, mag-verify ng grades sa Registrar Office window 1 or 3 every Wednesday and Saturday, from 8am to 4pm. Pinapayuhan ang lahat na hangat hindi ka pa nasa huling school year, dapat ay nakumpleto mo na lahat ng iyong DOCUMENTS sa ICCT Colleges para maiwasan na ma-delay ang approval ng inyong graduation. Ang application for SO# ay maaari rin ma-denied or madelay sa issuance from CHED or TESDA kapag may mga discrepancies sa documents ng graduating students. Hindi po tayo maaaring magbayd ng Graduation Fee kung hindi pa po kayo nakapag-apply for Graduation sa Registrar Office. Dahil sa Health & Safety Protocols sa kasalukuyan, pinapayuhan ang mga students na mag-set ng appointment or fill-out the School Credentials Request Google Form para maiwasan ang pagdagsa ng maraming students sa loob ng school.","kailan mag-apply para sa graduation, college graduation schedule, date of graduation, graduation ceremony, special order, so#, binibigay ng ched, tesda, diploma, tor, requirements, deadline, cut-off, form 137, psa, nso, nstp serial number, transferee, second courser, techvoc, certificate of graduation, self evaluate, prospectus, grades menu, summary of grades, sog, window 1, window 3, delay, graduation fee"
,,,,
,,Academic - Prospectus Definition,"Ang Academic PROSPECTUS ay isang dokumento o guide na naglalaman ng kumpletong impormasyon tungkol sa mga subjects o courses na kailangang kunin ng isang estudyante sa buong duration ng kanyang program o kurso sa kolehiyo. Para itong ROADMAP NG PAG-AARAL mo, mula first year hanggang sa makapagtapus. ANO ANG MGA NILALAMAN NG PROSPECTUS? (1) Listahan ng subjects per semester/trimester, (2) Number of units bawat subject, (3) Prerequisite na subjects (mga kailangan munang ipasa bago kunin ang susunod), (4) Total units required to graduate, at (5) Course codes at descriptions. BAKIT ITO MAHALAGA? (1) Gabay sa Pag-eenroll upang malaman ang dapat kunin kada termino. (2) Academic Planning sa pagplano ng susunod na school terms lalo na kung mag-summer o mag-advance, including ADDING OF SUBJECT/S during enlistment or enrolment period. (3) Avoid Delays in Graduation dahil nakikita mo ang sequence ng mga subjects at maiwasan ang prerequisite delays. (4) Transparency sa buong pinag-aaralan sa program. (5) Reference for Shift or Transfer kung lilipat ng kurso o paaralan. Halimbawa: Kung BSCriminology ang course mo, makikita sa prospectus ang lahat ng subjects mula 1st year hanggang 4th year, kasama ang mga major, minor, prerequisite subjects, at practicum. Kung ikaw ay nasa 2nd to 5th year level na, marapat na ma-monitor mo ang iyong academic standing sa simpleng SELF EVALUATION gamit ang iyong PROSPECTUS na maaaring i-download mula sa iyong Student Portal (Grades Menu/Evaluation Button); ilagay ang mga grades mo sa mismong prospectus para malaman mo kung anu ang mga subjects na dapat mong ma-enlist sa tuwing enrollment period, lalo na ang mga subjects na maaaring naiwanan mo, drop or nag-failed ka. Itago eto para guided ka hangang 4th or 5th year level. Sa tuwing enrollment period, meron po tayong ADVISING activity na maaari kang dumalo at magpa assist sa update ng iyong PROSPECTUS. Ang pagpapa-EVALUATE or pag-UPDATE ng PROSPECTUS at copy ng latest Summary of Grades (SOG) sa Registrar Office ay required kung ikaw ay nasa huling trimester period para maging official ang nilalaman ng iyong prospectus; eto rin ay hahanapin kapag ikaw ay mag apply para sa Student Internship or OJT Program. Para sa mga IRREGULAR students, siguraduhin na laging updated ang iyong PROSPECTUS bago mag-enroll. Para sa mga kukuha ng Qualifying Exam (QE), PROSPECTUS DIGITAL COPY lang po ang need ninyo, downloadable po eto from your student portal, not unless meron kang grades na blank, 5, INC, NEXP or DRP kung saan kailangan mo ng mag request ng SOG. Kung kailangan mo ng GRADES VERIFICATION, maaari kang humingi ng assistance thru guidance@icct.edu.ph or tumawag sa (02)7001.4228 local 609, or pumunta sa Window 9 ng Registrar Office para kumuha ng Grades Verification Form","ano at para saan ang academic prospectus, mahalaga, nilalaman, roadmap, gabay sa pag-eenroll, academic planning, avoid delays, transparency, reference, shift, transfer, bscriminology, self evaluation, download, grades menu, evaluation button, drop, failed, irregular students, qualifying exam, qe, digital copy, verification, guidance email, window 9"
,,,,
,,Academic - Claiming & Updating Prospectus,"PAANO NAKAKAKUHA SA REGISTRAR’S OFFICE NG IYONG ACADEMIC PROSPECTUS? Bilang first year student, during the 1st semester/trimester period, maaari na po tayong kumuha ng PROSPECTUS. Bumisita po lamang sa Window 1 or 3 ng Registrar’s Office of Cainta Main Campus or sa Admissions Counter ng Satellite Campuses tuwing Tuesday, Thursday and Saturday. Ipakita ang PROOFS na submitted mo na po ang iyong PSA Birth Certificate, Form 137 (HS/SHS Permanent Records) or anu mang admissions requirements. Kung hindi mo pa naipapasa ang PSA Birth Certificate at Form 137, kailangan mo po etong maipasa bago makakuha ng PROSPECTUS. PAANO PINAPA-UPDATE ANG ACADEMIC PROSPECTUS? Sa tuwing matatapus ang isang semester or trimester period, maaari na tayong bumisita sa Window 1 or 3 ng Registrar’s Office of Cainta Main Campus or sa Admissions Counter ng Satellite Campuses tuwing Monday, Wednesday and Friday. Ugaliin na ipa-UPDATE and PROSPECTUS regularly every semester/trimester period para well guided tayo; huwag antayin na kung kailan enrolment period saka lang po ginagawa. HINDI KAILANGAN ng Summary of Grades (SOG) para sa updating ng PROSPECTUS, basta siguraduhin na ginagawa eto every trimester period. Ire-require lamang po tayo ng SOG kung lumampas ka na ng dalawang semester or trimester period sa updating, lalo na kung mag apply na ng QE, SIP/OJT/Practicum or Graduation ngunit wala pang updated prospectus. Para sa anumang katanungan, maaari po tayong tumawag sa Tele-Assistance Hotlines: 0932.872.4228 / 0917.814.4228. English keywords: requirements need to get prospectus, prospectus claiming requirements, how to claim prospectus.","paano makakuha ng prospectus, paano pinapa-update ang prospectus, registrar window 1, window 3, satellite campuses, schedule, tuesday, thursday, saturday, monday, wednesday, friday, proof, psa birth certificate, form 137, summary of grades, sog, missing update, hotlines, requirements need to get prospectus, prospectus claiming requirements, how to claim prospectus"
,,,,
,,Academic - Summary of Grades (SOG),"Ang SOG or Summary of Grades ay isang school document kung saan makikita lahat ng subjects na natapus at final grades. Kailangan mo mang kumuha ng SOG sa tuwing magpapa-evaluate ng prospectus dahil sa mga sumusunod: (1) huling trimester period mo na, (2) mag-aapply ng SIP/SAIP para sa OJT/Internship/Practicum, (3) graduating student na kailangan para sa graduation application, (4) transferee/second courser ka, o (5) kailangan mo sa trabaho, scholarship, and/or any legal matters. HINDI kailangan ang SOG para sa GRADES VERIFICATION OR COMPLETION. Ang grades verification or completion ay isang proseso para malaman mo ang dahilan na mababa, failed, drop or INC ang iyong marka or grade/s. Dito rin maaaring maayus ang grade/s mo ng ating Academic Affairs Office. Example: nagka-INC ka dahil maaaring wala kang pinakitang permit, kulang ng activities, hindi kumuha ng final exam o depende sa remarks na nasa record ng professor or instructor ; kung “5” or “FAILED” ka naman, makikita rin sa records mo ang dahilan or maaaring typographical error or mismatch ang grade mo sa portal at sa digital record data base ng mga grades from the old system na gamit ng school (backup files). Ikaw ay binibigyan din ng pagkakataon na magpakita ng proof kung sa tingin mo ay deserve mo ang masmataas na grades or pasado. Ang Academic Affairs office lamang po ang maaaring mag-approve at magbigay ng correction of grades dahil once encoded na ng iyong professor or instructor, hindi na po eto maaari nilang baguhin. HINDI rin po requirement ang FORM 137 or anu mang Admissions Documents para sa pagpapa-EVALUATE ng ating Prospectus. Ang hinihingan lang po ng FORM 137 or other Admissions Documents ay ang mga students na HINDI PA NILA NAPAPASA SA REGISTRAR OFFICE ang kanilang Form 137 or anumang nakitang kulang na Admissions Documents sa inyong student records / folder. Ang FORM 137 po ay nirerelease ng inyong SHS or HS kapag kayo ay officially enrolled na sa ICCT Colleges or anumang kolehiyo/unibersidad. Kung hindi mo pa eto nakuha sa dati mong SHS/HS, kailangan mong kumuha ng REQUEST LETTER for FORM 137 sa Admissions Office (Cainta) or Admissions Counter ng inyong Satellite Campuses. Ugaliin po natin na magtanung sa Registrar’s Office or Admissions Office at iwasan na sa group chat o sa classmate kumukuha ng instructions sa kadahilanang, ang bawat estudyante ay may kanya-kanya at ibat-ibang cases or sitwasyun pagdating sa school documents.","ano at para saan ang sog, summary of grades, kailan kailangan ang sog, ojt, job requirement, scholarship, grades verification, completion, failed grade, incomplete, typographical error, old system database, correction of grades, academic affairs office, form 137 requirements, request letter"
,,,,
,,Enrollment - Subject Adding Policies,"Ngayon Enlistment of Subjects / Enrollment period, maaari na po ninyong isabay ang pag-ADD ng subject/s during your COLLEGE and YEAR LEVEL Enlistment/Enrollment Schedule. Hindi na po allowed magpa-add ng subject/s once nag-umpisa na ang classes. Approval to ADD SUBJECT/S will also based from the following school policies and considerations: (1) Kung ang subject ay pre-requisite subject. (2) Kung ang subject/s ay offered or naka-open sa naturang trimester period. (3) Kung hindi ka pa lampas sa maximum number of units. (4) Kung ikaw ay magpapa-ADD ng subject/s at hindi pa officially enrolled or wala ka pang ORF, hindi kailangan magbayad ng Subject Adding Fee; maaari kang mag-enlist ng subject mula sa iyong STUDENT PORTAL otherwise, pumunta sa inyong campus para sa WALK-IN ENROLLMENT ASSISTANCE during your college schedule. (5) PERO kung ikaw ay officially enrolled na at generated na ang ORF: (5.1) Kailangan mong magbayad ng Subject Adding Fee na P50 per subject. (5.2) Maaaring magpa-add ng subject/s thru WALK-IN ENROLLMENT ASSISTANCE or tumawag sa PORTAL HOTLINES during your college schedule. (5.3) Kailangang ibigay or ipakita ang proof of payment para sa Subject Adding Fee. (5.4) Then, check your portal para sa NEW ASSESSMENT OF FEES, bayaran ang anu mang dagdag na fees lalo na kung ikaw ay nag-CASH BASIS para maiwasan na mabago ang computation ng inyong accounts. (5.5) I-download muli ang inyong UPDATED ORF","kailan pwedeng mag-add ng subject, subject adding rules, after generated orf, subject adding fee, 50 pesos fee, walk-in enrollment assistance, portal hotlines, prerequisites, cash basis modifications, updated orf"
,,,,
,,Portal - Download Prospectus Digital,"Para makapag-download ng inyong PROSPECTUS Digital Copy, mag log-in lamang po muna sa inyong Student Portal account. Piliin ang GRADES menu at pindutin ang EVALUATION button, then pindutin ang VIEW STUDENT EVALUATION then download and/or save it. Makikita mo sa LEFT most column ang grades ng bawat subjects na natapus mo na. Ang digital copy ng inyong prospectus ay magagamit para ma-monitor mo ang inyong academic standing, mga subjects na hindi mo pa nakukuha or need na i-retake. Eto rin ay kailangan mo tuwing enrolment period para may basis ang inyong Academic Heads or Advising Officer pagdating sa mga subjects na need mo i-enlist; magagamit din eto para sa approval ng inyong OJT/Practicum/Internship at Qualifying Examination application. Para sa anumang katanungan, maaari po tayong tumawag sa Student Portal Assistance Group: 0961.077.6611, 0939.806.8837, 0968.221.8530, 0955.125.0338, 0968.221.8531 or 0968.220.0486; Monday to Saturday except Wednesday, 8am to 12nn and 1pm to 5pm. Or simply tumawag lang po tayo sa ICCT Colleges Tele-Assistance Group: 0947.895.4228; 0932.872.4228; 0917.814.4228. NOTE: Kung kayo ay may student ID number prior sa school year 2020, maaaring hindi pa kumpleto or migrated ang inyong grades sa may evaluation or prospectus digital copy.","paano mag-download ng digital copy ng prospectus, student portal instructions, grades menu, evaluation button, view student evaluation, missing grades prior 2020, hotlines schedule"
,,,,
,,Portal - Missing Subjects or Slots,"Bakit po kulang ang subject/s na lumalabas sa aking REGISTRATION during enrollment? (1) Maaaring NO SLOTS na po ang ibang subject/s ng napili nating SECTION; sa may SECTION OFFERING ng gating student portal, makikita po natin ang mga list of sections and subjects kung saan NO SLOTS na po at iwasan ng piliin. (2) Kapag ang isang subject mo ay may PREREQUISITE subject at FAILED, 5, NO GRADES, INC or NEXP ang iyong grade/s, otomatiko po na hindi ma-enlist ang naturang prerequisite subject. (3) Ugaliin na i-download ang TCS after na mag SAVE ASSESSMENT para ma-check mong mabuti na complete ang subjects enlisted. Kapag nabawasan, maaari mong ipa-add ang subject or ipa-delete lahat ng enlisted subjects para makapili ng bagong section. For Student Portal Assistance, please call: 0961.077.6611, 0939.806.8837, 0968.221.8530, 0955.125.0338, 0968.221.8531 or 0968.220.0486; Monday to Saturday except Wednesday, 8am to 12nn and 1pm to 5pm; strictly ACCEPT CALLS ONLY for issues and concern about Online Student Portal; telephone handset used for this service is NOT capable to accept and reply text messages. Currently hindi pa po umiiral ang 48 hours deletion ng TCS, manual pa rin po ang deletion ng mga enlisted subjects or TCS. Bago mag-delete ang Portal Group, nagbibigay ng anunsyo sa official facebook account ng school para mapagbigyan ang mga students ng panahon para mabayaran kahit down payment at magenerate ang kanilang Official Registration Form (ORF). Maaari mong tignan sa iyong ACCOUNTS LEDGER, kung ang naturang semester or trimester period ay merong AMOUNT tugma sa Assessment na nasa TCS, it means, meron kang ACTIVE TCS. Or even sa inyong Online Payment, makikita rin doon ang Full Payment or Down Payment. Ika nga, nag-aantay lang mabayaran mo na ang Full Amount or at least DP.","bakit kulang ang subjects sa registration, no slots, section offering, prerequisite block, failed, inc, nexp, missing slot error, manual tcs deletion, accounts ledger active tcs, portal hotline limitations"
,,,,
,,Portal - Unreflected Fees Process,"After mag-enlist ng subjects sa aking portal, anu po ang dapat gawin kung hindi po nag-reflect ang total fees sa aking Student Ledger, at wala rin po sa online payment modules? Kung hindi po nag-reflect ang fees sa inyong ACCOUNTS – Student Ledger at sa Online Payment modules, ibig sabihin, hindi po natin successfully natapus ang ENLISTMENT of SUBJECTS/SECTION. After na mag-enlist at save, dapat pong pindutin ang ASSESSMENT button; uncheck ang Online Class button kung kayo ay LF Classes, then pumili ng MODE OF PAYMENTS – Full Payment, Full Payment with Discount or Enlistment/Installment, saka pindutin ang SAVE ASSESSMENT button. I-click ang button para sa Tentative Class Schedule & Assessment para ma-download ang TCS. Sa makatuwid, kailangang mong ulitin o gawin ang ASSESSMENT OF FEES process lalo na ang pag-pili para sa Mode of Payment at huwag kalimutag pindutin ang Save Assessment button. Ang processing na eto ay magagawa mo lamang hangat enrolment schedule ng inyong kolehiyo and/or year level otherwise, need mo ng tumawag sa Portal Hotlines 0961.077.6611, 0939.806.8837, 0968.221.8530, 0955.125.0338, 0968.221.8531 or 0968.220.0486; o d kaya mag WALK-IN sa inyong Portal Assistance Hub.","hindi nag-reflect ang total fees sa student ledger, online payment modules error, save assessment process, lf classes configuration, mode of payment selection, download tcs, hotline support"
,,,,
,,Enrollment - Downpayment & Diagnostic Fee,"Bilang 1st year student ngayong 2nd trimester period, para makapag enrol, magkanu po ang tamang downpayment for instalment basis? Ang minimum downpayment amount for instalment basis ng isang 1st year 2nd trimester student ay P1,030 plus P400 Health Diagnostic Fee; total downpayment (DP) of P1,430. Makikita po ang amount na eto kung kayo ay successful na nag-enlist ng subjects, at nag-assessment of fees – nakapili ng mode of payments and SAVE ASSESSMENT. Kung hindi lumabas ang P1,430 total of DP, it means, hindi nag-otomatikong update ang inyong profile sa portal. Para ma-update, pumunta sa Profile at siguraduhin nasa AY2025-2026 ang tuition fee year at ang inyong status ay “Continuing” then siguraduhin na iclick ang SAVE APPLICATION button na nasa step 4 ng Profile, then click OK to confirm; after this, pumunta ulit sa Registration at ulitin ang ASSESSMENT PROCESS ng inyong fees at i-download ang inyong Tentative Class Schedule (TCS). Ugaliin na i-check kung tama ang mga subjects enlisted mula sa inyong PROSPECTUS. Ang Health Diagnostic Fee naman po ay para sa lahat ng 1st year students kung saan mag-undergo po tayo ng Xray, Eye Check-up and Urinalysis during this 2nd trimester period. Magkakarun ng schedule ang bawat sections and campuses under DCLC Healthcare & Diagnostic Center. Sinasagawa po ang programa na eto para magkarun ng medical record ang mga students sa ating school clinic at magabayan ang sinumang student na nangangailangan ng medical attention or even maiwasan ang kumplikasyun at makahawa sa kapwa students.","magkano ang downpayment, installment basis, 1st year 2nd trimester fees, 1430 pesos, profile update guide, health diagnostic fee, xray, eye check-up, urinalysis, dclc diagnostic center"
,,,,
,,Accounting - Previous Balance Reference,"Paano po mag-settle ng accounts or unpaid balances from previous trimester/semester period? Kapag ang trimester or semester period ay naka-CLOSE na po at naka-OPEN naman na ang REGISTRATION for the upcoming trimester or semester period, MAAARI PA RUN TAYONG MAG-GENERATE NG REFERENCE NUMBER for paying thru GCash, ECPay and 7Eleven CLIQQ. (1) Sa inyong Student Portal, i-click ang ACCOUNTS menu. (2) Mula sa Student Ledger / Transaction, pindutin ang trimester/semester period at year level kung saan meron po kayong unsettled amounts. (3) At saka pindutin ang button ng Online Payment. Otherwise, maaari nating i-settle thru Over-the-Counter Payment - Cebuana Lhuillier, MLhuillier at Philippine Business Bank; gamitin ang inyong Student ID Number at lagyan ng payment code “AR” sa dulo; example CA202012345AR. Ang code na “AR” ay para alam ng teller na ang binayaran mong fees ay para ma-settle ang iyong balances from previous academic term. Para sa anumang katanungan ng inyong ACCOUNTS, maaari po tayong tumawag sa ACCOUNTING OFFICE sa telepono (02)7001.4228 local 607 or magmensahe sa email accounting@icct.edu.ph. Reminder lang po, kapag nagbayad thru Over-the-Counter, 2 to 3 working days bago mag-reflect sa inyong accounts ledger ang binayad. Itago ang proof of payment for future references.","paano magbayad ng utang sa tuition, previous balance settlement, unpaid balances, online reference number generation, cebuana code ar, mlhuillier ar, accounting office contact, local 607"
,,,,
,,Accounting - Realtime Glitches Help,"Paano po ang gagawin kapag nagbayad thru REALTIME payments tulad ng GCash, ECPay, PalawanPay or 7Eleven at hindi otomatikong nag-reflect ang payment amount sa aking ledger? Ang REALTIME payments ay isang pamamaran ng pagbabayad kung saan otomatikong mag-reflect ang amount paid sa inyong Accounts – Student Ledger; makakatangap agad ng notification from ICCT Info text message confirming that your payments has been process. Maaari lamang po tayong magbayad thru REALTIME payments kung thru GCash, ECPay, PalawanPay at 7Eleven gamit ang generated REFNUM mula sa inyong Student Portal. May mga pagkakataon na hindi nag-otomatik REFLECT ang iyong payments from GCASH, ECPAY, 7ELEVEN/CLIQQ and PALAWAN PAY despite na may notification that your payment is on process or successful. Hindi maiiwasan ang mga glitches dahil sa sabay-sabay na pag-gamit ng digital services, fluctuating internet signal, issues from the payment gateways, etc.. Ang maaaring gawin ay i-report po eto agad sa HELP DESK or CUSTOMER SERVICE ng inyong Online/Realtime Payment (ORP) Service Providers. After 3 to 5 banking days at wala pa pong update mula sa inyong ORP service provider, i-report sa Accounting Office or call the Tele-Assistance Group 0947.895.4228; 0932.872.4228; 0917.814.4228","gcash payment error, realtime payment glitch, customer service report, refnum issues, 3 to 5 banking days rule, accounting office validation, tele-assistance telephone directories"
,,,,
,,Accounting - Over-The-Counter Bank Codes,"Kung sa CEBUANA, MLHUILLIER, PBB at UNIONBANK po mag- babayad, anung RefNum / Reference Number ang dapat gamitin? Kapag tayo ay magbabayad thru OVER THE COUNTER PAYMENT TRANSACTIONS tulad Cebuana, MLhuiller, Philippine Business Bank at Unionbank, ang gagamitin na reference number ay ang inyong APPLICATION NO. or STUDENT ID NO. lang po. Lagyan ng PAYMENT CODE sa dulo ng inyong Application No. or Student ID No. para masmadaling ma-identified ng teller kung para saan ang inyong binabayaran. Example: (1) CA2425A12345AF – application number na binabayaran ang Application Fee (AF). (2) CA2425A12345DP – new student na nagbabayad ng kanyang Down Payment (DP) para magenerate ang kanyang Student ID No. at Official Registration Form (ORF). (3) CA202401234FP – student na gustong bayaran ang Full Payment (FP) ang lahat ng kanyang total fees. (4) CA202304321DP – continuing student na nagbababayd ng kanyang DP. Lahat ng payments from OVER THE COUNTER ay aabutin po eto ng 2 to 3 working days bago mag-reflect sa ating Student Portal – Ledger. Kung sakali na nagkamali po tayo, i-report na lamang po eto at ipakita ang proof of payment sa inyong Campus para maiayus agad. Huwag na po nating ipa-cancel or pullout ang binayad para maiwasang mag-cancel ng OR numbers generated. Tandaan po natin na ang RefNum generated from your Student Portal ay para lamang sa REAL-TIME PAYMENT APPS tulad ng GCash, ECpay, PalawanPay at 7Eleven Stores","over the counter references, payment codes list, af application fee, dp downpayment, fp full payment, bank delays, error handling, reference code mistakes, validation rules"
,,,,
,,Academic - BSHM Curriculum Bridging,"Anu po ang pagkakaiba ng salitang BPHK01 Housekeeping NCII at HPELE10 Housekeeping Operations sa BSHM at BSHM-B Curriculum? Kung ang isang student ay graduate ng SHS under Academic Track - ABM Strand at mag-enroll sa kursong BSHM sa ICCT Colleges, otomatikong HINDI mo kailangang kunin ang BRIDGING PROGRAM. Regular BSHM curriculum po ang iyong gagamitin at nakapaloob na regular subject ang HPELE01 Housekeeping Operations Lecture at Laboratory (3+1 units) – fourth year level (first trimester period). Pero kung ang isang student ay nakapagtapus ng HS (old basic education program), ALS Passer, graduate ng SHS Academic Track na STEM, HUMSS o GA, graduate ng SHS Sports Track or Arts & Design Track, at SHS TechVoc Livelihood Track, REQUIRED po tayong kunin ang Bridging Subjects na nakapaloob under the BSHM-B Curriculum. Ang BPHK01 Housekeeping NCII Lecture & Lab (3+1 units) na nasa 1st year level – third trimester period ay kailangan nating makuha at ipasa; at gayundin ang REGULAR SUBJECT na HPELE01 Housekeeping Operations Lecture at Laboratory (3+1 units) – fourth year level (first trimester period). Maaari po tayong sumanguni sa ating mga Academic Department Coordinators and College Deans, or sa inyong Campus Coordinator and/or Academic Coordinators para ma-guide po tayo ng tama at maiwasan ang maling inpormasyun","bshm bridging program, bshm-b curriculum requirements, abm exemption, housekeeping ncii, hpele01, bphk01, non-abm bridging rules, old high school curriculum, als passers, academic deans"
,,,,
,,Academic - Prerequisite Definitions,"Ang PREREQUISITE sa Tagalog ay nangangahulugang ""paunang kinakailangan"" o ""unang dapat matugunan bago magpatuloy"" sa isang bagay. Ito ay isang kundisyon o rekisito na kailangang matupad muna bago gawin o makuha ang isang bagay. Halimbawa sa edukasyon: (1) Bago makuha ang Subject002, kailangang naipasa or pasado na po tayo sa Subject001 dahil ito ang prerequisite ng Subject002. (2) Upang makapag-enroll sa isang advanced mathematics course, kailangang maipasa muna ang basic mathematics course bilang prerequisite nito. (3) Kung ang grade mo sa Fil01 ay FAILED, DRP, UW, NEXP, INC or blank, hindi mo rin maaaring i-enlist/enrol ang Fil02 na subject dahil ang prerequisite nito ay Fil01. Ibig sabihin, ang prerequisite ay isang paunang hakbang o kailangan munang makumpleto bago makapagpatuloy sa susunod na antas o proseso. Kaya during enrolment, hindi sumasama ang ibang subject/s sa inyong ENLISTMENT or TCS dahil maaaring ang PREREQUISITE SUBJECT sa previous period ay walang grade, failed, INC or NEXP. Sa ganitong sitwasyun, pinapayuhan ang student na mag-WALKIN ENROLL para magpa-assist sa ADVISING or ADDING SUBJECT section.","ano ang ibig sabihin ng prerequisite, paunang kinakailangan, failed prerequisite blocks, missing tcs course error, fil01 and fil02 logic examples, walkin advising support"
,,,,
,,Academic - Aptitude Board Exam Test,"Ang Aptitude Test ay isang non-graded na pagsusulit na idinisenyo upang masukat ang kakayahan at antas ng pag-unawa ng isang mag-aaral kaugnay ng kanyang napiling kurso. Layunin nito na gabayan ang mga mag-aaral sa pagtukoy ng kanilang mga kalakasan at mga aspetong kailangan pang pagbutihin para sa kanilang akademikong pag-unlad. Ang resulta ng pagsusulit ay hindi ginagamit para sa grading, kundi nagsisilbing batayan para sa academic guidance, reference, at intervention planning ng Academic Affairs. Sa ICCT Colleges, ang Aptitude Test Program ay ipinatutupad lamang para sa mga first-year students na naka-enroll sa mga kursong may licensure o board examinations tulad ng BSC, BSA, BSREM, BSP, BEEd, BSEd, BECEd, BSN, BSMedTech, at BSRadTech, at isinasagawa ito tuwing ikatlong trimester period.","ano ang aptitude test, non-graded examination, board exam courses, licensure tracks, academic guidance baseline, 3rd trimester schedule"
,,,,
,,Enrollment - Stop Out Continuing Procedures,"Kapag huminto po tayo ngayong 3rd Trimester Academic Period, maaaring po nating ipagpatuloy or mag-enrol pa rin sa parating na 1st Trimester Academic Period. Mag-WALK-IN lang po tayo sa araw or schedule ng inyong college para makapag-enlist ng subjects at para ma-assist po kayo ng ating ENROLLMENT ADVISORY GROUP. Sila po ang tutulong sa inyo to identify subject or block section na maaari mong i-enlist or register. Kadalasan, sa mga programs na may maraming student population tulad BSC, BSHM or BSIT, ay may naka-open na sections offering subjects na under ng 3rd Trimester period lalo na sa mga 1st or 2nd Year Level students (section code: 113 or 213). Para sa anumang katanungan, maaari po tayong tumawag sa Tele-Assistance Hotlines: 0932.872.4228 / 0917.814.4228","paano mag-enroll kapag huminto ng isang trimester, stop out student procedures, enrollment advisory group, block sections 113 or 213, high population tracks"
,,,,
,,Portal - Manual Delete Enlistments,"Maaari po tayong mag WALK-IN or tumawag sa Portal Hotlines: 0961.077.6611, 0939.806.8837, 0969.295.5241 para magpa-delete ng enlisted subjects or section dahil sa mga sumusunud na dahilan: (1) Nagkamali ng enlisted subject or section, (2) Napindot na ang SAVE button kaya hindi na accessible ang delete button, (3) “No Available Slots” na ang ibang subject/s, (4) Magpapalit ng modality, (5) Magpapalit ng session, o (6) Hindi muna magpapatuloy sa pag-enroll. Otherwise, antayin ang 2nd cycle of enrollment o sa araw ng “All Courses” enrolment schedule kung saan burado na ang mga TCS na hindi pa settled at least Down Payments after 48 hours or depende sa advisory ng ating paaralan. Kapag deleted na, maaari ka ng mag enlist ulit. Laging siguraduhin na bago pindutin ang SAVED button, tama ang mga enlisted subjects. NOTE: Check your STUDENT LEDGER, kapag ang total fees na nasa TCS mo ay naka-reflect pa rin, it means, hindi pa deleted ang TCS mo","paano magpa-delete ng enlisted subject, locked save button error, reasons for deletion, 2nd cycle enrollment, all courses schedule cleanup, check student ledger tcs verification"
,,,,
,,Portal - Forgot to Uncheck Online Button,"Sa lahat ng OLD/CONTINUING STUDENTS, huwag kakalimutan na i-UNCHECK ang Online Class button sa may ASSESSMENT of FEES sa tuwing mag-generate ng Tentative Class Schedule (TCS) sa inyong Student Portal. Maiging i-double check muna ang Assessed Fees bago i-click ang SAVE ASSESSMENT button. Dapat, 1,030 ang lalabas na DP kung Instalment Basis ang inyong Mode of Payment, kung cash basis naman, tignan ang TCS, kung naka P1,030 ang DP sa assessment column ng Installment Basis. Kung nakaligtan po eto at nakapag-generate ka na ng TCS, maaring gawin ang mga sumusunud KUNG HINDI PA PO KAYO BAYAD: (1) HUWAG MAGBAYAD hangang hindi mo napapaayus ang Assessment of Fees ng inyong TCS; simply visit or call the Accounting Office or Tele-assistance Group for REASSESSMENT OF FEES. (2) TUMAWAG SA PORTAL HOTLINES para ipa-delete ang enlisted subjects. Then maaari ka ng mag-enlist muli. (3) MAGTUNGO SA PORTAL HUB sa araw ng inyong college enrolment para ipa-REASSESSED ang inyong accounts or ipa-delete ang enlisted subjects para makapag-enlist muli. (4) RE-ENLIST SA ARAW NG INYONG COLLEGE ENROLLMENT – SECOND OR FINAL CYCLE. Mag-WALKIN po tayo sa araw ng inyong college enrollment. KUNG BAYAD NAMAN NA PO KAYO, manual pong i-REASSESSED ng teller ang inyong accounts at lilitaw sa inyong DASHBOARD ang kulang na amount or balance. Gawin po agad ang mga sumusunod: (1) Bayaran po agad natin ang balance or kulang na payment bago mag umpisa ang classes. (2) Kapag nag-reflect na po ang iyong binayad, i-download ang ORF; i-compare eto sa luma kong TCS and check the difference in terms of amount. (3) Tignan din po ang inyong ACCOUNTS Student Ledger para ma-determine kung nagbago ang total amount base sa nakalagay sa ORF. (4) Kung sa REAL-TIME PAYMENT tulad ng GCASH, ECPAY, PALAWAN PAY or 7ELEVEN po tayo nagbayad, maaaring hindi otomatikong mag reflect ang inyong binayad or mag-prompt message sa inyong DASHBOARD ang balance or kulang na amount; maaari po tayong tumawag sa TELE-ASSISTANCE GROUP - 0947.895.4228; 0932.872.4228; 0917.814.4228","nakalimutan iuncheck ang online class button, error tracking, fees discrepancy, incorrect downpayment error, reassessment of fees, paid options modifications, manual balancing"
,,,,
,,Academic - Academic Term System Matrix,"Ako ay 1st year student (continuing student), paano po mag-ENLIST ng SUBJECTS para sa 2nd Trimester Period? (1) Mag-login sa inyong student portal account ( https://sms.icct.edu.ph ) sa araw ng SUBJECT ENLISTMENT/ENROLLMENT NG INYONG COLLEGE; makikita ang enrolment schedule ng bawat college sa inyong Dashboard. (2) Mula sa inyong DASHBOARD, pumunta sa REGISTRATION menu; or maaari mo rin i-VIEW ang mga Section Offering sa may SECTION OFFERING menu. (3) Kapag nasa REGISTRATION menu ka na, i-click ang MODALITY then SECTION field para mapili or lumabas ang mga subjects; kung tama ang subject at section, maaari mo ng i-SAVE po eto; kung kayo ay LF or Limited F2F Classes/Section, huwag kalimutang i-UNCLICK ang Ol/Online Class button para masigurado na tama po ang inyong FEES sa system. (4) Then, pipili po kayo ng MODE OF PAYMENT at i-save ang ASSESSMENT. (5) Pindutin ang ASSESSMENT button para ma-download ang inyong TENTATIVE CLASS SCHEDULE or TCS. (6) Kung tama na ang nasa TCS mo, maaari ka na magbayad ng downpayment or full amount within 48 hours; sundan ang procedure sa pagbayad. (7) Kapag nag reflect na ang inyong payment, maari mo ng i-download ang iyong OFFICIAL REGISTRATION FORM o ORF. Classes para sa 2nd trimester AY2024-2025 ay maguumpisa sa December 2, 2024. MAAARi po tayong mag-WALKIN Enlistment/Enrollment sa ating mga campuses PORTAL HUB kung tayo ay nahihirapan gamitin ang portal.","step-by-step continuing student enrollment, paano mag-enlist ng subjects, registration menu guide, tcs validation, 48 hours validation timeline, walkin portal hub support"
,,,,
,,Academic - Graduating Requested Subjects,"RS / REQUESTED SUBJECTS ay maaari naman pong ma-avail during 2nd and 3rd trimester periods; GRADUATING students lamang po ang allowed para mag-request ng subject/s to open base sa ating Student Handbook. Kung tayo ay may mga BACK SUBJECTS, FAILED/DROP SUBJECTS or INC na lampas 1 year na, hangat maaga, during enrolment period ng inyong college, ipa-ADD SUBJECT na po natin thru walk-in enrolment para maiwasan na kung kailan kayo nasa terminal year, saka lang po hinahabol. Tignan po natin ang PROSPECTUS kung anung trimester period regularly open ang subject para alam po natin na naka-open po eto. Bilang isang mag-aaral, tungkulin din po nating i-monitor ang academic standing every end of trimester period; mahalaga na iwasang may failed, drop and INC grades para hindi po tayo maging irregular student; at tandaan din po natin na wag antayin ang huling trimester period para kunin ang mga back subjects. ADDING SUBJECT/S guidelines are also strictly implemented. Approval from the Academic Affairs Office is required. Para sa proper guidance and advices, maaari po kayong lumapit sa inyong College / Academic Heads, Professors, Instructors and/or Campus Coordinators.","requested subjects, rs guidelines, back subjects, failed tracks cleanup, irregular tracking preventive, validation signatures academic affairs"
,,,,
,,Enrollment - Enlisted vs Enrolled Defined,"Anu po ang pagkakaiba ng salitang ENLISTED at ENROLLED? Sa panahon ng ONLINE and WALK-IN ENROLLMENT PERIOD, gamit ang inyong STUDENT PORTAL, ang unang processo ay ang ENLISTMENT OF SUBJECTS mula sa inyong REGISTRATION menu. Kapag nakapili na po tayo ng Modality at Section, at lumitaw na ang mga subjects tugma sa inyong PROSPECTUS, kailangan pindutin ang SAVE button then ang ASSESSMENT button; kung LF modality or section po tayo, dapat i-unchecked ang OL Class para tumugma ang Assessment of Fees; piliin ang MODE OF PAYMENTS, saka po natin i-SAVE ASSESSMENT. Click ang TENTATIVE CLASS SCHEDULE button para ma-generate ang inyong TCS. Double check kung lahat ng subjects ay naka-ENLISTED. Dahil diyan, ikaw ay successful ng nakagawa ng TCS, ang tawag at tamang salitang gamitin ay “ENLISTED” instead of enrolled. “ENROLLED” naman ang gagamitin mong salita kung ikaw ay successful ng nakapagbayad ng at least DP/Downpayment or Full Amount, at reflected na po ang payment sa inyong ACCOUNTS LEDGER, then nakapag-generate ka na rin ng inyong ORF/OFFICAL REGISTRATION FORM. Sa makatuwid, “ENROLLED” ka na po kung meron ka ng ORF. Kapag TCS pa lang ang hawak natin, “ENLISTED” pa lang ang inyong nagagawa sa enrollment process.","pagkakaiba ng enlisted at enrolled, definition of terms, tcs definition, orf lock confirmation, registration workflow tracking"
,,,,
,,Portal - New Student Access Limitations,"Ang mga newly enrolled students para sa 1st trimester AY2024-2025 ay maaari na po kayong mag-create or initial login sa inyong Student Portal gamit ang STUDENT ID NUMBER na pinadala thru “ICCT Info” text (Ex. CA202412345). Kapag successful ang initial log-in, siguraduhin na tandaan ang inyong NEW USERNAME at ang ginawa mong PASSWORD. Dahil ongoing pa po ang 3rd trimester ng kasalukuyang school year, HINDI PA PO NATIN MAAARING I-DOWNLOAD ang ating ORF or Official Registration Form hangat “Closed Registration” ang prompt message na nasa REGISTRATION menu. Magbubukas lamang po ang Registration sa ating Student Portal kapag nag “CLOSE” or natapus na po officially ang kasalukuyang 3rd trimester period. Tentatively, August 1, 2024 po mag-open ang “Registration” ng bawat colleges at saka lang po tayo maaaring mag-download ng ating ORF. Para sa anu mang katanungan, maaari po tayong tumawag sa ICCT Colleges Tele-Assistance Group: 0947.895.4228; 0932.872.4228; 0917.814.4228. Maari lamang kayo makapag-INITIAL Set-Up sa Online Student Portal kung kayo ay meron ng Official Registration Form (ORF). Ang Tentative Class Schedule (TCS) and Assessment na binigay sa inyo ay unang processo lamang para makapgbayad kayo at maipasok ng ating teller ang inyong ibabayad sa ating otorisadong payment centers/apps; then, makakatangap kayo ng ORF or Student ID No. mula sa Admissions Office thru e-mail. If you encounter issues or problems, tumawag sa Student Portal Assistance Hotlines: 0926.825.3289 or 0961.077.6611 (Monday, Tuesday, Thursday and Friday, 8am to 5pm).","new student portal lockouts, closed registration error message, target calendar launch dates, initial login set-up steps, tcs limitation parameters, hotlines support numbers"
,,,,
,,Portal - Online Payment ORF Delays,"Kung nagbayad po tayo thru ONLINE PAYMENTS (GCash, ECPay, 7Eleven, CLIQQ and PalawanPay) gamit ang Reference Number generated from your Student Portal, real-time po eto na mag-REFLECT sa ating Student Ledger (ACCOUNT menu). During enrolment period, maaaring real-time din po na ma-GENERATE ang inyong ORF at kung sakaling hindi nag-otomatikong generated ang ORF, hintayin within 48 hours para ma-trigger ni teller ang inyong ORF generation. Hindi po maiiwasan ang ganitong system glitches of both parties lalo na po sa panahon ng enrollment kung san marami gumagamit ng ating online services. Siguraduhin din po na tama ang binyaran na FULL AMOUNT with DISCOUNT, FULL AMOUNT, DOWNPAYMENT, or DOWPAYMENT plus Late Enrollees Fee and Penalty kung kayo ay nag-enrol after ng regular enrollment cycles/period para ma-generate ang iyong ORF. Maaari din po tayo sumanguni sa ating PORTAL ASISSTANCE HOTLINES: 0961.077.6611, 0939.806.8837 or 0969.295.5241; Monday to Saturday except Holidays, from 7am to 7pm. REMINDERS: Sa mga nag-settle ng payment thru OVER-THE-COUNTER/APPS tulad sa Cebuana, Mlhuillier, Unionbank at PBB, ang inyong payments ay manually encoded within 2 to 3 working days (Monday to Friday) except holidays","online processing delays for orf, 48 hours verification check, system congestion factors, check penalty compliance, manual recording delays"
,,,,
,,Portal - Automatic Deletion Logic,"During ENLISTMENT and ENROLLMENT period, ang bawat estudyante ay maaaring mag-enlist ng subjects thru ONLINE PORTAL, PORTAL HOTLINES ASSISTANCE or WALK-IN ASSISTANCE. Kapag hindi pa po tayo sigurdo sa napiling SECTION, iwasan na i-click ang SAVE at ASSESSMENT button para maaari ka pang makapili ng ibang section. Check kung tama lahat yun subjects and number of units bago mag-proceed sa ASSESSMENT of FEES. Sa Assessment of Fees, i-check muli ang mga subjects kung eto ay tugma or kumpleto base sa inyong enlisted subjects bago pumili ng Mode of Payment, then Save Assessment. Pindutin ang Tentative & Assessment Button para ma-generate ang iyong TCS. Tandaan po natin na ang mga enlisted subjects or generated TCS ay mananatiling reserve slot po ninyo eto within 48 hours. Kaya maiging bayaran po natin ang downpayment, or full amount with discounts within 48 hours para mag-proceed for the generation of Official Registration Form (ORF). Base sa ating STUDENT ADVISORY, ngayong enrollment period ng 3rd Trimester AY2021-2022 ay inumpisahang gamitin ang isang feature ng ating bagong School Management System (SMS) kung saan OTOMATIKONG MABUBURA ANG MGA ENLISTED SECTION AND SUBJECTS ng isang student kapag hindi eto nagbayad ng downpayment (P1,000) o full amount within 48 hours mula nun siya ay mag-enlist sa student portal, mapa-online o walk-in pa po eto. Ibig sabihin po, dapat nakapag settle na po tayo ng fees para mag-lock sa system ang inyong napiling section, subjects and class schedules. Ang feature na eto ay implemented para sa mga sumusunud na kadahilanan: (1) Maiwasan ang mga sections na mag-close dahil maraming nag-enlist pero iilan lang ang nag-enroll. Nag-enroll means ay meron enlisted na subjects at bayad ng downpayment (P1,000) o full amount. (2) Para masmamonitor po ang bilang ng studyante sa bawat section and subjects offered at maiwasan ang ibang students na masaraduhan sa mga subjects offered. (3) Kung sakali na nagkamali po tayo sa enlistment, antayin lamang ang 48 hours para ma-delete at makapag-enlist ulit during enrollment schedule para sa lahat ng courses o colleges (April 30 up to May 4, 2022)","bakit nawala ang enlisted section ko, automatic clean-up rules, 48 hours system cleanup, locked slots parameters, check orf generation, target calendar dates system optimization"
,,,,
,,Accounting - New Student Payment Instructions,"FOR COLLEGE APPLICANTS/NEW STUDENTS: Base sa enrolment procedure, kapag natapus mo na ang STEP 1 to 4, at sa STEP 5 kung saan nakatangap ka na ng TCS o Tentative Class Schedule, maaari na po tayong magbayad ng at least DOWNPAYMENT na P1,000 kung ikaw OL class or P1,140 kung ikaw ay LF class; or maaari din ang kabuoang amount kung tayo ay mag cash basis – P5,058.50 (OL class) / P5,628.50 (LF class). Magbayad lamang po sa CEBUANA, MLHUILLIER or PHILIPPINE BUSINESS BANK (All Branches). Gamitin ang inyong application no. (example – CA2425A00001) as Reference Number. Within 2 to 3 banking days, kayo ay makakatangap ng “ICCT Info” text confirming your payment and also indicated is your STUDENT ID NO. (Example – CA202401234) . FOR SHS GRADE 11 APPLICANTS: Base sa enrolment procedure, kapag natapus mo na ang STEP 1 and 2, sa STEP 3, maaari na po kayong magbayad ng P370 na REGISTRATION FEE; sa STEP 4, dapat isumite ang lahat ng admission requirements sa anu mang campuses ng ICCT Colleges para makatangap ng inyong TCS o Tentative Class Schedule; HINDI NA KAILANGANG MAGBAYAD NG DP ang lahat ng mga Grade 10 completers from Public Schools; at para sa mga PAYEES, maaari na po tayong magbayad ng at least DOWNPAYMENT na P1,000; or maaari din ang kabuoang amount kung tayo ay mag cash basis – P9,625. Magbayad lamang po sa CEBUANA, MLHUILLIER or PHILIPPINE BUSINESS BANK (All Branches). Gamitin ang inyong application no. (example – CA2425A00002) as Reference Number. Within 2 to 3 banking days, kayo ay makakatangap ng “ICCT Info” text confirming your payment and also indicated is your STUDENT ID NO. (Example – HA202400123) . Through OVER-THE-COUNTER PAYMENTS lang po muna maaaring magbayad ng Tuition Fees dahil wala pa po kayong access sa Student Portal. Kailangang magenerate muna ang inyong Student ID Number para makapag-create ng inyong account sa ating Student Portal.","new student payment matrix, downpayment values online versus hybrid, cash calculation benchmarks, public school complete incentives, over-the-counter limitations"
,,,,
,,Accounting - Cash Discount After Downpayment,"Kung bayad ka na po ng downpayment or nagenerate na ang ORF mo pero gusto mo i-avail ang cash basis discounted amount, maaari lamang na i-settle ang kabuoan ng cash basis amount on or before classes start. Example: Kung ang cash basis discounted amount ay P5,058.50 less ang DP P1,000 = P4,058.50 ang kailangan mabayaran sa Cebuana or MLhuillier; lagyan ng “CB” (Cash Basis) sa dulo ng inyong student ID number; hindi po maaaring makapag-generate ng Reference Number dahil naka-tag na ang inyong assessment as installment basis kaya manually adjusted ang gagawin sa account mo kapag i-encode ni teller ang payment mo. Tuwing enrollment period, tandaan na maaari pong ma-avail ang cash discounted amount basta nabayaran mo ng full cash basis amount bago mag-umpisa ang classes. Opo. Kung Full Payment with Discount ang napili mong mode of payment noon nag-enlist and assessment of fees po kayo, MAAARI PA RIN TAYONG MAGBAYAD NG DOWNPAYMENT sa mga Over-the-Counter Payment Centers tulad ng Cebuana Lhuillier, MLhuillier, Philippine Business Bank (PBB – All Branches) or sa Unionbank Online Payment. Lagyan ng “DP” payment code sa dulo ng inyong ID number (Ex. CA202312345DP). HINDI po tayong maarig magbayad sa GCash or ECPay dahil hindi po tayo makakapag-generate ng RefNum mula sa ating Student Portal dahil naka Full Payment mode of payment yun account po natin. After 2 to 3 days from date of payment, makakatangap po kayo ng confirmation ng inyong binayad thru text message from “ICCT Info”. Kung sakali na gusto mo pa rin ma-avail ang 10% discount for cash Basis, maaari mong bayaran yun balance base sa total discounted amount on or before classes start. Kung installment basis payment mode naman po ang napili, pwde pa rin po nating ma-avail ang Full Payment with Discount by simply paying the full discounted amount on or before classes start sa ating mga Over-the-Counter Payment Centers","paano mahabol ang cash basis discount, adding cash basis tag, manual teller modifications, reference formatting errors, gcash lockout validations"
,,,,
,,Academic - Special Order Definition,"Ang ICCT Colleges ay isang regulated school ng national government education agencies – yan po ang CHED or Commission on Higher Education para sa mga Bachelor/Degree Programs; TESDA or Technical Education and Skills Development Authority para sa mga TechVoc and Short Term Courses; at DepEd or Department of Education, para sa mga Senior High School. Kailangan ma-processo ang SO# or Special Order Number ng mga graduates sa mga naturang agencies kapag regulated school. Mahalaga ang SO No. para sa inyong DIPLOMA and TOR (Transcript of Records) / FORM 137 (SHS). Eto ay katibayan na ang natapus ninyong degree, non-degree or SHS specialization ay recognized and approved ng ating mga education agencies. Mahabang processo rin ang pagkuha ng SO No. kaya bilang isang graduate lalo na po sa panahon ng pandemya; maaari kayong humingi ng Certificate of Graduation kung saan lalagyan ng remarks na “Special Order (SO) Number is under process” at Summary of Grades para magamit ninyo sa anumang legal matters lalung lalo na sa pag-apply ng trabaho","ano ang special order number, government education parameters, regulators list, validity checks, provisional documentations"
,,,,
,,Portal - Buying Uniforms & Laces,"Una, dapat ay officially enrolled napo kayo; ibig sabihin nakapag-generate na ng ORF, meron ng STUDENT ID NUMBER at nakapag SET-UP or ACTIVATE na ng STUDENT PORTAL account. Mula sa inyong Student Portal, i-click ang ACCOUNTS, then pindutin ang “Online Payment”; piliin or tick yun bibilhing school uniform or item/s, saka i-generate ang REFERENCE NUMBER. Gamitin ang REFERENCE NUMBER sa pagbayad thru GCASH, 7ELEVEN, ECPAY and PALAWANPAY. Kapag successful sa pagbabayad, otomatikong makakatanagp ng “ICCT Info” text message to confirm na ang inyong bayad ay nag reflect na sa inyong Accounts Ledger. Buksan ang inyong ACCOUNTS LEDGER from your Student Portal (ACCOUNT Menu); under Non-Assessment Fees, makikita doon ang payments for your school uniform; pumunta sa Supply Office ng school (Cainta main Campus) or sa Admissions Counter ng inyong respective campuses para i-CLAIM ang uniform mo from Monday to Saturday except Holidays, 7am to 7pm. School uniform size (XS to XL) is subject for availability and/or first come first serve basis; sa mismong campus na po ninyo sasabihin ang size na need ninyo at actual din ninyong isusukat. Bigger than XL are order basis","paano bumili ng uniform sa portal, purchase id lace online, generation of item refnums, claiming hubs, size charts operational logistics"
,,,,
,,Enrollment - Balik Aral Readmissions,"Kung kayo ay nakapag-apply na po sa ating Balik-Aral Program Google Form, cleared na sa Accounting and Guidance Office, at may approval na bilang BAP student, ang susunud na process ay mag-attend sa nakatakdang BAP Orientation kung paano gamitin at i-activate ang inyong Student Portal. Bilang re-admitted or BAP student, kayo ay kabilang sa ating mga OLD or CONTINUING STUDENTS, sa makatuwid, ang inyon enrolment ay sa mismong enrolment or enlistment of subjects schedule ng ating OLD or CONTINUING STUDENTS. Kapag natapus na po ang trimester period, makikita po natin sa ating Student Portal account at official Facebook account ang ENLISTMENT OR ENROLLMENT SCHEDULE per COLLEGE. Kung nahihirapan gamitin ang portal sa enrolment, maaari po tayong mag-WALK-IN ENROLLMENT sa schedule ng inyong college. REMINDER: Ang mga huminto lamang po ng more than a school year ang under ng Balik Aral Program. So kung kayo ay huminto lamang ng isa or dalawang trimester period, at ACTIVE pa ang inyong Student Portal, NO NEED to apply for BAP, pero mas maigi na mag enrol po tayo thru WALKIN para ma-assist kayong mabuti sa mga subjects na dapat i-enroll sa kasalukuyang trimester period. Siguraduhin din na completely settled ang inyong account sa Accounting at saka wala ng kulang na documents sa Admissions Requirement.","balik aral program rules, readmission protocols, profile reactivation configurations, standard exclusions parameters, clearing targets database"
,,,,
,,Requirements - Certificate of Enrollment,"Kung kayo po ay officially enrolled or sa mga NEW STUDENTS, dapat generated na po ang inyong Student ID Number (Example: CA202400123), mag-LOGIN lamang po sa inyong STUDENT PORTAL account para makapag-generate ng Reference Number to pay Certificate of Enrollment (CoE). Mula sa dashboard, i-click ang ACCOUNTS menu, then click ang ONLINE PAYMENT button at hanapin ang CoE, then click Generate Reference Number; bayaran within 48 hours gamit ang reference number sa GCash, ECpay or 7Eleven. Kapag reflected na po ang payment sa inyong Student Ledger, i-screenshot po eto at ipadala ang request thru EMAIL: scholars@icct.edu.ph, subject must be “CoE for Scholarship” at ilagay ang inyong buong pangalan, student ID number, contact number at kurso; makakatangap ng confirmation and schedule of releasing within 2 to 3 days","paano kumuha ng coe, certificate of enrollment request, processing references online payments, scholarship validation emails"
,,,,
,,Portal - Examination Permit Numbers,"Ang Examination Permit Number (EPN) ay kailangan maibigay sa inyong professors o instructors sa araw ng ating major examination para maitala or record ang result ng inyong exam sa Teachers Online Portal. Ang EPN ay makikita sa bandang ibaba sa gawing kaliwa ng inyong ORF. Kung kayo ay CASH BASIS, makikita ang EPN sa may field ng Cash Basis. One time EPN po eto na magagamit na sa inyong Prelim, Midterm and Final Exam. Para naman sa mga INSTALLMENT BASIS, ang EPN para sa Prelim Exam ay lilitaw kapag nabayaran ng buo ang inyong 1st and 2nd Installment Dues; 3rd and 4th Installment Dues naman ang bayad na para lumitaw ang EPN ng Midterm Exam; at ang EPN ng Final Exam ay kapag settled na ang 5th Installment Dues or FULLY PAID na po tayo para sa buong trimester period. REMINDER: Para maiwasan na hindi kayo makapag-exam ng Prelim and Midterm, maaari po tayong mag-apply ng PROMISSORY NOTE kung hindi natin kayang bayaran agad ang 2nd Installment or 4th Installment para sa generation ng EPN for Prelim and Midterm respectively. Bumisita sa Guidance Office para mag-apply ng Promissory Note kasama ang inyong Parent or Guardian with Valid IDs. Ang Promissory Note ay subject for approval po eto kaya, i-process po eto 3 to 5 days bago mag-Prelim or Midterm Exam. Sa Final Exam naman, maaari po tayong mag-exam during special examination period once nagenerate na po ang ating EPN para sa Final Exam. Base sa ICCT Colleges Student Handbook, kapag ang isang student ay may outstanding or overdue accounts na hindi kayang ma-settle agad, maaari pong mag-apply ng PROMISSORY NOTE (PN) sa Guidance Office. I-submit ang LETTER OF REQUEST FOR PROMISSORY NOTE duly signed by your parent/guardian and copy of his/her valid ID a week before examination period. Siguraduhin nakapaloob sa inyong letter ang inyong Full Name, Student ID No., Course, Year Level, Campus at ang amount ng inyong account for PN at DATE kung kailan kayang bayaran. Allowed lamang po ang Promissory Note during Prelim and Midterm Examinations para mabigyan kayo ng EXAM PERMIT. Sa kasalukuyan dahil sa pandemic, maaari din po natin i-send thru email – guidance@icct.edu.ph ang inyong PN requirements; makakatangap po kayo ng instruction at ang approval ng inyong request ng Promissory Note. Ang Promissory Note ay maaari ring i-avail ng ating mga school leavers under Balik-Aral Program. Para sa anumang katanungan, maaaring tumawag sa GUIDANCE OFFICE thru (02)7955.6284 local 130 or 0961.077.6611","examination permit number, epn structure, visual layout landmarks, installment baseline checkpoints, promissory note validation flows"
,,,,
,,Portal - Missing Assessment Selection Options,"Paano po ang gagawin kapag walang options sa MODE OF PAYMENT ng Assessment of Fees? (1) Minsan lang po tayo maaaring mag-create ng Tentative Class Schedule (TCS) and save assessment fees; kaya kapag nagawa na po eto, hindi na po kayo maaaring mamili ng ibang mode of payment. Kung magpapalit po ng enlisted subjects at assessment, kailangang mag walk-in sa Portal Hub. (2) Huwag kalimutang pindutin ang SAVE BUTTON ng Enlisted Subjects bago mag-assessment of fees; yan ay maaaring dahilan kung bakit walang mode of payment. (3) Pumunta sa may PROFILE, i-click ang YEAR LEVEL, at huwag kalimutang i-click ang SAVE button para ma-update ang iyong Profile. Nasa SHEET 4 ang save button. Then, bumalik sa may REGISTRATION menu, i-save ang enlisted subjects at saka piliin na ang mode of payment.","walang options sa mode of payment, troubleshooting locked drops, missing step tracking, sheet 4 navigation profiles"